{"cameraMode":{"drawMode":0,"name":"Shaded","section":"Shading Mode"},"sceneLighting":true,"audioPlay":false,"sceneViewState":{"m_AlwaysRefresh":false,"showFog":true,"showSkybox":true,"showFlares":true,"showImageEffects":true,"showParticleSystems":true,"showVisualEffectGraphs":true,"m_FxEnabled":true},"in2DMode":false,"pivot":{"x":-1.8993933200836182,"y":0.2371472269296646,"z":-2.3103034496307375},"rotation":{"x":-0.10721098631620407,"y":-0.37020424008369448,"z":0.043110575526952746,"w":-0.9217552542686462},"size":0.39092546701431277,"orthographic":false}