{"cameraMode":{"drawMode":0,"name":"Shaded","section":"Shading Mode"},"sceneLighting":true,"audioPlay":false,"sceneViewState":{"m_AlwaysRefresh":false,"showFog":true,"showSkybox":true,"showFlares":true,"showImageEffects":true,"showParticleSystems":true,"showVisualEffectGraphs":true,"m_FxEnabled":true},"in2DMode":false,"pivot":{"x":0.7605934739112854,"y":-0.4913584291934967,"z":-1.616771936416626},"rotation":{"x":-0.20373763144016267,"y":0.48515069484710696,"z":-0.1173030436038971,"w":-0.8422560691833496},"size":0.5713019371032715,"orthographic":false}